[
  {
    "ParameterKey": "AdminConsoleAccessCIDR",
    "ParameterValue": "10.0.0.0/16"
  },
  {
    "ParameterKey": "AdminRemoteAccessCIDR",
    "ParameterValue": "10.0.0.0/16"
  },
  {
    "ParameterKey": "AvailabilityZones",
    "ParameterValue": "us-east-1a, us-east-1b"
  },
  {
    "ParameterKey": "BastionAMIOS",
    "ParameterValue": "Ubuntu-Server-20.04-LTS-HVM"
  },
  {
    "ParameterKey": "ClientAppAccessCIDR",
    "ParameterValue": "10.0.0.0/16"
  },
  {
    "ParameterKey": "KeyPairName",
    "ParameterValue": "aws-qs-tc-all"
  },
  {
    "ParameterKey": "LicenseAgreement",
    "ParameterValue": "I agree"
  },
  {
    "ParameterKey": "LicenseS3Bucket",
    "ParameterValue": ""
  },
  {
    "ParameterKey": "LicenseS3KeyPrefix",
    "ParameterValue": ""
  },
  {
    "ParameterKey": "MQAdminPassword",
    "ParameterValue": "$[alfred_genpass_10]",
    "ssm_parameters": [
      {
        "name": "/qs/ibm-mq/MQAdminPassword",
        "value": "$[Password]"
      }
    ]
  },
  {
    "ParameterKey": "MQAppPassword",
    "ParameterValue": "$[alfred_genpass_10]",
    "ssm_parameters": [
      {
        "name": "/qs/ibm-mq/MQAppPassword",
        "value": "$[Password]"
      }
    ]
  },
  {
    "ParameterKey": "MQConsolePassword",
    "ParameterValue": "$[alfred_genpass_10]",
    "ssm_parameters": [
      {
        "name": "/qs/ibm-mq/MQConsolePassword",
        "value": "$[Password]"
      }
    ]
  },
  {
    "ParameterKey": "MQConsoleUsername",
    "ParameterValue": "mqconsoleadmin"
  },
  {
    "ParameterKey": "MQInstanceName",
    "ParameterValue": "ct-ibm-mq"
  },
  {
    "ParameterKey": "MQOwner",
    "ParameterValue": "ct-ibm"
  },
  {
    "ParameterKey": "QueueManagerName",
    "ParameterValue": "QM1"
  },
  {
    "ParameterKey": "QSS3BucketName",
    "ParameterValue": "aws-quickstart"
  },
  {
    "ParameterKey": "QSS3BucketRegion",
    "ParameterValue": "us-east-1"
  }
]